{
  "tov_solution": {
    "M_star": 1.4001597286622995,
    "R": 8.125025767505242,
    "C": 0.1461398344237765,
    "K": 100.0,
    "Gamma": 2.0,
    "rho_central": 0.00128
  },
  "atmosphere": {
    "rho_floor": 1e-10,
    "p_floor": 1e-18,
    "v_max": 0.999,
    "W_max": 100.0
  },
  "simulation": {
    "coordinate_system": "isotropic",
    "dt": 0.005396290050590125,
    "integration_method": "fixed",
    "grid_N": 300,
    "grid_r_max": 16.0
  },
  "timestamp": "2025-12-10T13:27:03.768307"
}